id,name,surname,city,age,occupation
p0,Carlo,Palmer,Quarto Dei Mille,17,Engineer  land
p1,Arnulfo,Pausini,Teodorano,88,Tax adviser
p2,Steven,Albertini,Ferruzzano,53,Phytotherapist
p3,Raymond,Shelton,Allenberg,59,Sub
p4,Federico,Ortiz,Whitemouth,82,Sports therapist
p5,Tammy,Monroe,Jonestown,83,Product/process development scientist
p6,Caterina,Berengario,Wellsmouth,76,Immigration officer
p7,Kevin,Lowery,Povolaro,30,Geographical information systems officer
p8,Jason,Cilibrasi,Lisahaven,30,Environmental health practitioner
p9,Flavio,Buchanan,Ravenfort,19,Advice worker
p10,Fabrizia,Arellano,East Matthewside,83,Early years teacher
p11,Dennis,King,Jacquelinemouth,49,Microbiologist
p12,Justin,Brown,Weaverhaven,54,Development worker  community
p13,Giuseppe,Segrè,Port Caitlynland,69,Chartered certified accountant
p14,Elizabeth,Hunter,Michaelmouth,61,Logistics and distribution manager
p15,Durante,Serlupi,Chiusa Ferranda,87,Librarian  public
p16,Sarah,Brennan,Jessicaborough,70,Sales executive
p17,Andrea,Boccherini,New Brandi,23,Restaurant manager  fast food
p18,Derrick,Moran,Trona Di Sopra,37,Pilot  airline
p19,Ryan,Traversa,Donaldsonton,11,Magazine journalist
p20,Fortunata,Beffa,Robertsonton,78,Early years teacher
p21,George,Casagrande,Port Katelyn,37,Herpetologist
p22,Giuseppina,Rastelli,Citerna,17,Paramedic
p23,John,Kramer,Port Hannah,25,Fitness centre manager
p24,Holly,Cannon,Barano D Ischia,74,Designer  furniture
p25,Joseph,Walters,Latoyaland,11,Intelligence analyst
p26,Vincenza,Gulotta,Mccannhaven,77,Pharmacist  community
p27,Vincent,Jones,Laurenside,16,Horticultural consultant
p28,Orlando,Grossi,San Vitale Di Baganza,33,Medical laboratory scientific officer
p29,Walter,Pugliese,Mckenziebury,50,Personal assistant
p30,Ludovica,Donini,West Matthewhaven,82,Industrial buyer
p31,Rosina,Piane,Riardo,36,Solicitor
p32,Jessica,Silva,Casolla,53,Designer  jewellery
p33,Christopher,Hawkins,Cremenaga,71,Broadcast presenter
p34,Atenulf,Micca,Soave Mantovano,14,Psychologist  forensic
p35,Liana,Brown,New Deanchester,75,Sport and exercise psychologist
p36,Julie,Bell,East Ambermouth,57,Structural engineer
p37,Steven,Shepard,Kingmouth,15,Museum education officer
p38,Michael,Salieri,Davidfurt,34,Programmer  applications
p39,Pier,Smith,Schwartzton,27,Engineer  civil (contracting)
p40,Zaira,Murray,Parola,23,Engineer  maintenance
p41,Heather,Mercalli,Villa Bianca,32,Volunteer coordinator
p42,Jill,Turati,Petrella Liri,47,Retail buyer
p43,Riccardo,Hamilton,North Andrewton,47,Tourism officer
p44,Jason,Johnson,Rivarolo Canavese,38,Air traffic controller
p45,Pomponio,Stevens,Cerreto,72,Therapist  occupational
p46,Jessica,Beccheria,Port Alec,15,Pharmacist  community
p47,Juan,Moneta,East Ernest,32,Scientist  research (life sciences)
p48,Patrizio,Day,Johnsonburgh,37,Technical brewer
p49,Lucio,King,San Pietro Mussolino,88,Chiropodist
p50,Anthony,Trupiano,Castelnuovo Rangone,72,Museum/gallery conservator
p51,Michael,Cesarotti,Danielletown,38,Pensions consultant
p52,Joshua,Delacruz,Dillonton,17,Chartered accountant
p53,Ippazio,Ferraris,Maxwellstad,69,Quarry manager
p54,Enzo,Juarez,North Stacie,19,Catering manager
p55,Brian,Donarelli,Graglia,21,Engineer  land
p56,Nicole,Antonelli,Terrapadedda,43,Education officer  environmental
p57,Teresa,Paltrinieri,Su Canale,13,Estate manager/land agent
p58,Daniel,Ferrante,Locana,29,Materials engineer
p59,Kenneth,Gasperi,Mara,27,Journalist  broadcasting
p60,Federica,Lewis,New Chadborough,50,Chief Financial Officer
p61,Kristin,Tamborini,Laganadi,88,Fine artist
p62,Federico,Crespi,Deannamouth,20,Stage manager
p63,Parker,Volterra,Cavuoti,22,Financial controller
p64,James,Wallace,Perosa Canavese,87,Water quality scientist
p65,Fiorino,Branch,Genivolta,75,Conference centre manager
p66,Francesco,Leone,Nago,37,Psychiatrist
p67,Michael,Williams,West Richard,80,Accountant  chartered certified
p68,Keith,Evans,Caldwellton,47,Environmental consultant
p69,Barbara,Howard,Santa Brigida,83,Engineer  manufacturing systems
p70,Ugo,Pascarella,Christinebury,54,Bonds trader
p71,Timothy,Caetani,South Gregory,46,Production engineer
p72,Flavio,Morales,Cerqueto,12,Commercial horticulturist
p73,Nicoletta,Pisano,Savarna,85,Lighting technician  broadcasting/film/video
p74,Ubaldo,Andreotti,Kathleenside,41,Insurance account manager
p75,Luciano,Braun,Rileyhaven,33,Lecturer  higher education
p76,Livia,Arellano,Nordhei,20,Energy manager
p77,Jennifer,Ray,Pasiano Di Pordenone,27,Firefighter
p78,Leonardo,Schiavone,Castel Fusano,28,Designer  ceramics/pottery
p79,Renzo,Grimes,Monteacuto Delle Alpi,25,Chartered certified accountant
p80,Giampaolo,Guicciardini,Castiglione Falletto,34,Theatre director
p81,Rossana,Sobrero,Pizzo Marina,84,Television floor manager
p82,Lazzaro,Pierce,Dunnstad,47,Recycling officer
p83,Giovanni,Boiardo,Mariemouth,69,Geographical information systems officer
p84,Amalia,Higgins,Blakeport,68,Environmental manager
p85,Cassandra,Shepherd,Marieborough,71,Geologist  engineering
p86,Steven,Accardo,Daymouth,71,Licensed conveyancer
p87,Emily,Huff,Oberolang,79,Retail merchandiser
p88,Theresa,Munoz,Ciciano,36,Architect
p89,Serafina,Papetti,Lake Kevinmouth,86,Politician s assistant
p90,Ennio,Andrews,South Nicholemouth,13,Pensions consultant
p91,Lindsey,Estrada,Godiasco,15,Scientist  research (physical sciences)
p92,Donato,Brenna,South Steven,88,Forest/woodland manager
p93,Derrick,Santiago,San Giovanni Paganica,83,Lighting technician  broadcasting/film/video
p94,Sherry,Hayes,Moio De  Calvi,40,Horticultural consultant
p95,Debbie,Clark,Lake Crystaltown,55,Call centre manager
p96,Natalie,Volterra,Valtina,49,Contracting civil engineer
p97,Justin,Detti,East David,63,Personal assistant
p98,Paolo,Sinisi,Lake Joel,90,Early years teacher
p99,Christina,Reyes,San Giorgio Monferrato,35,Corporate investment banker
p100,Juan,Botticelli,Soria,12,Geographical information systems officer
p101,Mary,Sollima,Alanmouth,76,Nature conservation officer
p102,Licia,Clark,Aaronburgh,62,Immigration officer
p103,Eleanora,Mazzacurati,Port Thomas,42,Chartered loss adjuster
p104,Giampiero,Cesaroni,East Billyshire,21,Environmental education officer
p105,Gianni,Gramsci,Paludi,69,IT technical support officer
p106,Ryan,Schultz,Cedrate,37,Economist
p107,Jeffrey,Brown,Fossalto,42,Engineer  aeronautical
p108,Guarino,Robinson,South Meagan,24,Drilling engineer
p109,Stephanie,Lombardi,Romagnano Sesia,71,Sports therapist
p110,Giuseppe,Mckinney,Cavalleri,22,Chief Technology Officer
p111,Torquato,Gozzano,Lake Nathanfurt,23,Corporate investment banker
p112,Olivia,Udinese,Isola Di Ortonovo,89,Chiropractor
p113,Charles,Polizzi,Procchio,62,Research scientist (life sciences)
p114,Jacqueline,Hughes,Christopherton,63,Higher education careers adviser
p115,Whitney,Arnold,Borgata Finocchio,16,Chemist  analytical
p116,Daria,Garozzo,Colmirano,14,Haematologist
p117,Vanessa,Miller,Mariano Comense,86,Armed forces operational officer
p118,Giacobbe,Bianchi,Poggibonsi,16,Research officer  political party
p119,Kayla,Webb,Semonzo,27,Recycling officer
p120,Kristie,Yang,Tignes,69,Surgeon
p121,Carolyn,Proietti,Derovere,22,Financial planner
p122,Willie,Sollima,Intavolata,78,Patent examiner
p123,Michael,Satriani,Port Johnport,53,Rural practice surveyor
p124,Annamaria,Simmons,Piasco,43,Information officer
p125,Melina,Ortese,Stilfes,18,Art gallery manager
p126,Giacinto,Bandello,Larryfurt,47,Therapist  music
p127,Anna,Salandra,North Amandaborough,15,Television production assistant
p128,Antonella,Andersen,Monsano,60,Scientist  research (medical)
p129,Enzo,Gordon,Mistychester,58,Production assistant  television
p130,Mauro,Frazier,Saturnana,77,Accounting technician
p131,Lilla,Romagnoli,Lavezzola,61,Tax adviser
p132,Emma,Simeoni,Manerba Del Garda,18,Banker
p133,Oscar,Wang,Palosco,69,Community development worker
p134,Linda,Montanariello,Fisherchester,20,Advertising account executive
p135,Shane,Caldwell,San Vito Al Mantico,44,Chartered loss adjuster
p136,Paola,Iannotti,Margaretmouth,72,Optometrist
p137,Coluccio,Smith,Lavinio Lido Di Enea,84,Private music teacher
p138,Andrea,Morris,Port Margaret,72,Pharmacist  community
p139,Vanessa,Diaz,Margaretville,89,Veterinary surgeon
p140,Natasha,Aldobrandi,Classe,19,Software engineer
p141,Calcedonio,Jones,Scisciano,87,Public librarian
p142,Teresa,Holt,New Timothy,20,Health visitor
p143,Christopher,Suarez,Raymondburgh,28,Counselling psychologist
p144,Catherine,Boccherini,Alba Di Canazei,27,Academic librarian
p145,Harold,Baker,Pastene,57,Civil engineer  contracting
p146,Lisa,Johnson,Colcellalto,24,Haematologist
p147,Scott,Berg,Lindseyport,70,Diagnostic radiographer
p148,Earl,Manunta,West Kimberlymouth,62,Communications engineer
p149,Romeo,Tasso,East Kathryn,15,Petroleum engineer
p150,Christopher,Jackson,Fernandezbury,13,Psychotherapist
p151,Amanda,Jones,Contessa Entellina,36,Electrical engineer
p152,Bobby,Spanevello,Gallegosbury,22,Restaurant manager
p153,Jeffrey,Callahan,San Morello,67,Quality manager
p154,Timothy,Beltran,Heidiburgh,19,Occupational psychologist
p155,Shane,Soderini,South Markchester,76,Air broker
p156,James,Brown,West Troyburgh,27,Retail merchandiser
p157,Julie,Sandi,Cannole,81,Town planner
p158,Austin,Filangieri,San Giorgio Albanese,65,Museum/gallery exhibitions officer
p159,Suzanne,Giovine,East Jocelynmouth,50,Research officer  trade union
p160,Carmelo,Totino,Cunninghamville,53,Runner  broadcasting/film/video
p161,Lucia,Luzi,Pilzone,20,Physicist  medical
p162,Panfilo,Hernandez,Gambettola,43,Engineer  mining
p163,Robert,Smith,Fieldsside,69,Surveyor  land/geomatics
p164,Donato,Oneal,Volpara,35,Therapist  sports
p165,Luigi,Basso,Alejandroberg,65,Visual merchandiser
p166,Sheena,Cook,Zhangfurt,55,Engineer  manufacturing systems
p167,Alessia,Foconi,Masonview,38,Graphic designer
p168,Riccardo,Sforza,North Anthonymouth,52,Plant breeder/geneticist
p169,Christine,Ramos,Salsominore,30,Geologist  wellsite
p170,Andrew,Gori,Nancyview,55,Development worker  community
p171,Amanda,Little,Corigliano Scalo,44,Recruitment consultant
p172,Sylvia,Sabbatini,Tiser,47,Interpreter
p173,Erin,Edwards,Wallfort,68,Copywriter  advertising
p174,Salvi,White,San Liberale,67,Investment banker  corporate
p175,Amalia,Acerbi,Bari,65,Bonds trader
p176,Jamie,Wright,Bibbiano,12,Toxicologist
p177,Teresa,Martin,Redona,37,Ranger/warden
p178,Ignazio,Morucci,East Shannonfort,59,Data scientist
p179,Jose,Coleman,Olmi,70,Geophysicist/field seismologist
p180,Ashley,Burns,Floydton,21,Psychologist  forensic
p181,Lori,Sanders,Frenchmouth,69,Transport planner
p182,Aaron,Biagiotti,Adamschester,61,Warehouse manager
p183,Annette,Mogherini,Cattinara,45,Forensic scientist
p184,Loretta,Cabrera,Beverino,21,Designer  graphic
p185,Delfino,Murphy,Battiferro,63,Armed forces logistics/support/administrative officer
p186,Pompeo,Cook,Spelonga,69,Ship broker
p187,Bianca,James,Casano,53,Horticulturist  commercial
p188,Mark,Depero,Kempchester,73,Interior and spatial designer
p189,Cesare,Tosi,East Richardmouth,63,Town planner
p190,Traci,Pacomio,West Jeremiah,74,Retail manager
p191,Giuseppe,Dandolo,Morciano Di Leuca,80,Data scientist
p192,Darlene,Watkins,West Dawnview,34,Chief Technology Officer
p193,Irma,Coleman,Contessa Entellina,15,Seismic interpreter
p194,Adamo,Michelangeli,Ciro  Marina,19,Medical secretary
p195,Lorenzo,Dyer,Aaronshire,52,Designer  exhibition/display
p196,Adelmo,Anderson,Kimberlyville,72,Surveyor  insurance
p197,Francisco,Finetti,Boglietto,74,Designer  furniture
p198,Tyler,Williams,Fiattone,16,Art gallery manager
p199,Austin,Speri,Jennifermouth,59,Immunologist
p200,Alina,Erickson,Liedolo,83,Patent attorney
p201,Jose,Tron,Le Mosse,34,Chief Technology Officer
p202,Bradley,Gilbert,Port Annetown,40,Charity officer
p203,Toni,Bertolucci,Ponte Arche,83,Herpetologist
p204,Adriano,Merisi,Brianaburgh,76,Secondary school teacher
p205,David,Zaguri,East Susan,90,Primary school teacher
p206,Sean,Tagliafierro,Lake Ericbury,74,Professor Emeritus
p207,Alessio,Sutton,Monte San Vigilio,63,Midwife
p208,Daniel,Cendron,San Maderno,34,Clinical cytogeneticist
p209,Leslie,Avila,Leopardi,48,Pension scheme manager
p210,Christopher,Galvani,Cartermouth,40,Land/geomatics surveyor
p211,Calogero,Antonini,Millerbury,70,Exercise physiologist
p212,Gemma,Cesaroni,Washingtonside,84,Conservation officer  nature
p213,Fiorino,Padovano,Vierschach,57,Conservation officer  historic buildings
p214,Michelle,Kemp,Briggsbury,79,Clinical psychologist
p215,Valentina,Pacheco,Johnland,53,Designer  jewellery
p216,Paola,Manning,Michaelview,45,Wellsite geologist
p217,Michele,Lee,Adrara San Rocco,25,Museum/gallery curator
p218,Erika,Wilson,West Thomasville,74,Quality manager
p219,Michelotto,Brown,Padergnone,56,Accountant  chartered
p220,Alessio,Nelson,Douglasstad,28,Economist
p221,Santino,Manolesso,Tancau,30,Barrister s clerk
p222,Kenneth,Iannuzzi,Villafranca D Asti,88,Arboriculturist
p223,Alberico,Massey,Brownfort,46,Actor
p224,Donatella,Rivera,Lake Andrewshire,34,Technical sales engineer
p225,Leonardo,Polani,Salvitelle,69,Public relations officer
p226,Sole,Tebaldi,Patu ,26,Purchasing manager
p227,Sole,Riley,Linera,41,Development worker  community
p228,Stefano,Caldwell,San Zenone Al Po,17,Information officer
p229,Letizia,Dominguez,Castiglion Fiorentino,42,Health service manager
p230,Ivan,Barese,North Raymondview,55,Science writer
p231,Giorgia,Cammarata,Filorsi,17,Chief Marketing Officer
p232,Bryan,Spinola,Foresta Di Burgos,14,Special educational needs teacher
p233,Clinton,Carpenter,Osteria,74,Forensic psychologist
p234,Joseph,Rosiello,Jensenview,17,Estate manager/land agent
p235,Matteo,Ellis,Levada,62,Exercise physiologist
p236,Giancarlo,Schroeder,Vimercate,82,Fine artist
p237,Saverio,Badoer,New Jacob,69,Solicitor
p238,Ubaldo,Vigliotti,New Brian,33,Agricultural consultant
p239,Ivo,Olson,South Colleenville,61,Biochemist  clinical
p240,Leonardo,Lee,Casbeno,59,Art therapist
p241,Annalisa,Thompson,Redipuglia,13,Banker
p242,Joseph,Calhoun,Besenello,74,Surveyor  building
p243,Gaetano,Guidotti,North Markhaven,13,Energy manager
p244,Sandra,Catenazzi,Danview,90,Broadcast journalist
p245,Gioele,Tacchini,Amelia,20,Editor  commissioning
p246,Coriolano,Ossola,East Wayneview,20,Automotive engineer
p247,Kimberly,Banks,Motta,90,Surveyor  commercial/residential
p248,Chiara,Buck,Garlate,15,Community education officer
p249,Chad,Polani,Randyhaven,28,Environmental manager
p250,Michael,Martinelli,Lake Robert,56,Doctor  hospital
p251,Lorenzo,Hopkins,East Thomashaven,73,Tourism officer
p252,Kimberly,Gabbana,Campofelice Di Roccella,18,Quality manager
p253,Pompeo,French,Port Katherine,22,Health and safety adviser
p254,Arnulfo,Schiaparelli,Lu Sitagliacciu,23,Clinical research associate
p255,Adelasia,Brown,Collepietro,90,Art gallery manager
p256,Jaime,Aldobrandi,West Matthewhaven,30,Pensions consultant
p257,Nico,Montalcini,Acquasanta,38,Journalist  broadcasting
p258,Calvin,Lucero,Lake Sandraburgh,50,Geneticist  molecular
p259,Jesse,Semitecolo,Bivio Mortola,44,Radiation protection practitioner
p260,Lidia,Coppola,Castelletto Sopra Ticino,80,Medical sales representative
p261,Maria,Abbagnale,Salinasstad,75,Homeopath
p262,Joel,Argan,Goro,40,Programmer  systems
p263,Mauro,Borghese,Port Bradton,29,Pension scheme manager
p264,Roman,Martin,Matthewport,17,Police officer
p265,Sandra,Tacchini,Sant Alessio In Aspromonte,33,Advertising account planner
p266,Gionata,Daniels,Lake Anthony,12,Scientist  marine
p267,Shawna,Powers,Laghi,50,Cytogeneticist
p268,Pier,Fowler,Carriestad,34,Recycling officer
p269,Andrew,Bradford,Rizziconi,31,Claims inspector/assessor
p270,Renzo,Simmons,San Donnino,49,Animator
p271,Angela,Jones,Santa Maria La Carita ,52,Engineer  control and instrumentation
p272,Anthony,Lattuada,Port Sherriside,20,Education officer  environmental
p273,Robert,Zamorani,Corniglia,28,Cabin crew
p274,Ethan,Poerio,East Molly,37,Control and instrumentation engineer
p275,Arsenio,Ceschi,Castiglione D Adda,33,Radio broadcast assistant
p276,Romana,Trupiano,Benderburgh,45,Systems analyst
p277,Zachary,Santorio,Appiano Gentile,75,Translator
p278,Robert,Metella,North Lesliefort,61,Land
p279,Alberico,Johnson,Lake Kyleland,79,Hydrographic surveyor
p280,Christopher,Gianetti,North Derekville,47,Ergonomist
p281,Gloria,Mack,Vottignasco,72,Education administrator
p282,David,Valier,Rodengo,71,Accountant  chartered public finance
p283,Puccio,Stevens,New Wandaton,78,Building services engineer
p284,Claudia,Phillips,Port Amy,81,Bonds trader
p285,Michael,Garcia,Christophermouth,56,Dancer
p286,Edward,Meyers,Clarktown,32,Commissioning editor
p287,Giustino,Bonomo,North Carrieside,41,Education officer  environmental
p288,Bianca,Trobbiani,New Michael,31,Community education officer
p289,Imelda,Fiorucci,Filacciano,40,Chiropractor
p290,Fernanda,Greene,Melissaton,70,Leisure centre manager
p291,Ermenegildo,Parker,Lake Kyle,55,Water quality scientist
p292,Patrizio,Walsh,Corlaga,57,Community education officer
p293,Gabriele,Franzese,New Diane,29,Engineer  maintenance
p294,Renata,Acerbi,Costa Smeralda,54,Theme park manager
p295,Dawn,Lane,Galliera,21,Development worker  international aid
p296,Joyce,Platini,South Jason,55,Herpetologist
p297,Ruggiero,Delacruz,East Kimberly,40,Fine artist
p298,Nico,Sparks,Jonathanfurt,54,Location manager
p299,Kathy,Chinnici,West Ericville,88,Special effects artist
p300,Caitlyn,Boyer,Port Nicholeside,31,Engineer  structural
p301,Rosalia,Panatta,Vincentport,50,Copy
p302,Irma,Diaz,Edwardston,57,Surveyor  rural practice
p303,Samantha,Brugnaro,North Scott,74,Dispensing optician
p304,Jessica,Salazar,Lake Victoriaside,54,Psychologist  occupational
p305,Charles,Thompson,Loppeglia,21,Chief Marketing Officer
p306,Torquato,Gemito,Migheli,45,Radio producer
p307,Hugo,Carli,Grassobbio,59,Public relations officer
p308,Hunter,Garcia,Pietralta,84,Sub
p309,Kevin,Turchi,Port Robert,48,Exercise physiologist
p310,Cassandra,Ramirez,Jamesport,68,Corporate investment banker
p311,Dante,Cesarotti,Ripatransone,58,Geochemist
p312,Paolo,Boccherini,Bellinzago Novarese,73,Homeopath
p313,Benedetto,Johnston,Markstad,30,Bonds trader
p314,Dylan,Dulbecco,Roccatederighi,33,Production engineer
p315,Arthur,Martinelli,North Jamesbury,11,Operational investment banker
p316,Adam,Martin,New Alexanderside,19,Housing manager/officer
p317,Timothy,Delacruz,Chiarano,84,Journalist  broadcasting
p318,Alison,Federico,Serravalle A Po,11,Purchasing manager
p319,Glenn,Smith,Forte Dei Marmi,13,Data processing manager
p320,Elladio,Antonucci,Rocca Monreale,80,Corporate investment banker
p321,Vittorio,Turchi,Formica,52,Lawyer
p322,Tony,Gray,Noepoli,74,Doctor  hospital
p323,Anthony,Williams,Lake Laura,19,Chartered management accountant
p324,Gianfranco,Totino,Chiaravalle Milanese,42,Camera operator
p325,Bradley,Missoni,Roccavivara,24,Early years teacher
p326,Laura,Morrison,Ottati,69,Research scientist (maths)
p327,Giuliano,Piane,North Patricia,22,Multimedia programmer
p328,Kevin,Casadei,Zorlesco,14,Research scientist (physical sciences)
p329,Lara,Brooks,South Natashaville,21,Chemist  analytical
p330,Viridiana,Stanley,South Jasonport,27,Medical physicist
p331,Rachel,Cagnin,Salzano,67,Clinical scientist  histocompatibility and immunogenetics
p332,Rosaria,Veltroni,Bulfons,48,Legal executive
p333,Patrick,Sansoni,New Patriciaberg,49,Retail manager
p334,Matilda,Bramante,San Sebastiano Curone,44,Engineer  water
p335,Barbara,Mercalli,San Pietro Cusico,53,Forensic scientist
p336,Tonino,Zamorani,Curinga,18,Historic buildings inspector/conservation officer
p337,Ann,Stein,South Jeremy,90,Corporate investment banker
p338,Jeffrey,Martinez,Jessicaview,39,Product/process development scientist
p339,Shelley,Parks,Cadeo,49,Engineer  electronics
p340,Joshua,Fantozzi,Rapallo,61,Clinical scientist  histocompatibility and immunogenetics
p341,Angela,Delle,Coriano Veronese,39,Research scientist (life sciences)
p342,Piergiuseppe,Lowe,Craigshire,25,Ceramics designer
p343,Adelasia,Hayes,Sorradile,27,Tax inspector
p344,Greco,Barberini,Rocca D Arsie ,13,Scientific laboratory technician
p345,Lindsay,Porcellato,Settecrociari,37,Market researcher
p346,Marcantonio,Cooper,New Timothytown,81,Fine artist
p347,Alfio,Sims,Macchia D Isernia,67,Psychologist  forensic
p348,Adele,Vaughn,Marienberg,37,Engineer  materials
p349,Philip,Barker,Bistagno,63,Mental health nurse
p350,Michelle,Luna,Amymouth,15,Water engineer
p351,Giada,Fantini,East Ashley,34,Patent attorney
p352,Elvira,Davis,Williamburgh,18,Corporate investment banker
p353,Ludovica,Impastato,Pontelatone,42,Ophthalmologist
p354,Sonia,Innocenti,Kristytown,79,Nurse  mental health
p355,Megan,Peruzzi,Lanehaven,10,Exhibition designer
p356,Kevin,Johnson,Toirano,35,Optometrist
p357,Costanzo,Curci,Phillipsmouth,64,Psychologist  sport and exercise
p358,Ronald,Heath,Houstonbury,53,Civil Service administrator
p359,Guido,Crawford,East Suzannemouth,26,Mudlogger
p360,Megan,Lee,Esperia Inferiore,78,Engineer  land
p361,Jolanda,Shelton,Joseborough,10,Gaffer
p362,Susan,Ortolani,Tramuschio,44,Teacher  early years/pre
p363,Martino,Williams,Sciaves,57,Research scientist (life sciences)
p364,Taylor,Stone,Cassano Valcuvia,32,Academic librarian
p365,Joshua,Surian,Mirto,44,Minerals surveyor
p366,Lazzaro,Trevisan,New Eric,68,Health and safety inspector
p367,Ann,Perez,Lake Christina,73,Government social research officer
p368,Brenda,Fantozzi,North Felicia,21,Engineer  drilling
p369,Ronald,Williams,Cervarezza,32,Food technologist
p370,Laura,Errani,Montefranco In Venosta,44,Water engineer
p371,Piersanti,Guglielmi,Vagli Sotto,46,Hydrogeologist
p372,Todd,Barsanti,Foiano Della Chiana,87,Psychologist  clinical
p373,Angelica,Seddio,Parkermouth,28,Estate agent
p374,Stephanie,Snyder,Quistello,70,Operations geologist
p375,Samantha,Bruscantini,West Kathleenshire,18,Broadcast presenter
p376,Rebecca,Tagliafierro,Gaggi,79,Hospital doctor
p377,Alyssa,Ellis,Dominiquemouth,13,Astronomer
p378,Armando,Edwards,Alyssamouth,41,Scientist  forensic
p379,Giulia,Oliver,New Ryanbury,87,Comptroller
p380,Ellen,Peruzzi,Bagnolo,51,Water engineer
p381,Sandro,Wood,Torre De  Passeri,86,Jewellery designer
p382,David,Fieramosca,Vigo,90,Geoscientist
p383,Michelle,Briggs,Port Teresafurt,70,Engineer  land
p384,Fredo,Chittolini,Pissatola,14,Proofreader
p385,Gemma,Bond,South Morganhaven,47,Administrator  charities/voluntary organisations
p386,Annibale,Elliott,Jamesshire,48,Art therapist
p387,Richard,Navarria,Port Edward,81,Amenity horticulturist
p388,Aldo,Meza,South Sheri,36,Associate Professor
p389,Giorgia,Herrera,Meganburgh,36,Conference centre manager
p390,Luisa,Cobb,Gioia Tauro,76,Trade union research officer
p391,Oreste,Federici,Teor,12,Lawyer
p392,Raffaello,Morucci,Motteggiana,87,Psychologist  counselling
p393,Amanda,Barberini,Jonathanhaven,86,Engineering geologist
p394,Cathy,Zaguri,Joelberg,30,Food technologist
p395,Sonia,Brooks,Valeriebury,87,TEFL teacher
p396,Donna,Tremonti,Richardside,44,Engineer  production
p397,Alessandra,Giannetti,South Robertside,53,Surveyor  building control
p398,Spencer,Florio,Bryanside,84,Retail banker
p399,Salvatore,Buckley,Fornaci,12,Photographer
p400,Gionata,Kennedy,Adamfort,87,Manufacturing engineer
p401,Michael,Cremonesi,East Kayla,89,Forest/woodland manager
p402,Amanda,Johnson,Cervinia,33,Exercise physiologist
p403,Lilla,Fioravanti,San Remo,79,Biomedical engineer
p404,Tara,Carpenter,Lozzo Atestino,27,Operations geologist
p405,Ashley,Ovadia,Gordonmouth,83,Town planner
p406,Julie,Fieramosca,Tora,28,Counselling psychologist
p407,Roy,Moss,Podenzano,19,Careers adviser
p408,Robert,Powell,Granvilla,65,Engineer  petroleum
p409,Giulio,Varano,Savona,75,Ranger/warden
p410,Zachary,Barcella,Jamesborough,25,Animal technologist
p411,Michael,Pisano,South Jasonfurt,69,Printmaker
p412,David,Nicolucci,Raccano,73,Writer
p413,Juan,Cendron,Ragattisi,70,Herpetologist
p414,Rachel,Gregorio,Connorville,50,Ophthalmologist
p415,Stella,Cuda,Samuelchester,25,Neurosurgeon
p416,Wyatt,Spinelli,Durnholz,65,Retail banker
p417,Anna,Lanfranchi,West Seanfurt,35,Educational psychologist
p418,Blake,Alexander,East Jose,48,Risk manager
p419,Ashlee,Pizziol,Kellyville,15,Oncologist
p420,Romina,Fisher,Lingua,17,Radio producer
p421,Costanzo,Foscari,Goni,24,Electrical engineer
p422,Jonathan,Greco,Peveragno,83,Translator
p423,Michelangelo,Hicks,Debraview,21,Designer  industrial/product
p424,Kevin,Hodge,Lake Deborah,50,Politician s assistant
p425,Marcus,Jones,East Christopher,28,Insurance underwriter
p426,Elizabeth,Norris,Rosario Valanidi,43,Local government officer
p427,Fredo,Williamson,Lake Julia,69,Conservator  furniture
p428,Kimberly,Luciani,Cornaiano,38,Quantity surveyor
p429,Mark,Bentley,East Stevenmouth,31,Loss adjuster  chartered
p430,Bartolomeo,Palmer,Botticino,10,Travel agency manager
p431,Jonathan,Moran,Port Josephmouth,39,Company secretary
p432,Derek,Pacetti,Medole,43,Therapist  drama
p433,Francesca,Williams,Mortonberg,50,Special educational needs teacher
p434,Gianfranco,Gill,Schneiderborough,71,Higher education lecturer
p435,Michael,Buscetta,Ponzo  Bovecchio,53,Architect
p436,Emily,Miller,Palmerland,63,Futures trader
p437,Mariano,Casey,Squille,76,Chartered management accountant
p438,Milo,Wright,Shawshire,35,Drilling engineer
p439,Milo,Moretti,Felitto,83,Learning mentor
p440,Christopher,Serao,Mariano Comense,76,Radiation protection practitioner
p441,Sean,Jensen,Jorgeburgh,34,Product manager
p442,Mirco,Germano,Jenesien,40,Physicist  medical
p443,Stefano,Beasley,Freemantown,55,Field trials officer
p444,Jeremy,Cruz,Ericmouth,13,Race relations officer
p445,Guglielmo,Buonauro,West Garrett,70,Arboriculturist
p446,Angelina,Allison,North Danielfurt,72,Theatre manager
p447,Melissa,Montgomery,Magno,46,Psychotherapist  dance movement
p448,Trevor,Turrini,Nibionno,28,Careers information officer
p449,Livio,Gates,Fontanarossa,31,Lighting technician  broadcasting/film/video
p450,Gustavo,Cammarata,North Randyhaven,71,Fisheries officer
p451,Annetta,Pugliese,Ponte Sulla Moletta,40,Best boy
p452,Raffaele,Miller,North Dominique,25,Agricultural engineer
p453,Holly,Tozzo,Chiesanuova Uzzanese,38,Teacher  adult education
p454,Pierangelo,Scarponi,Fusignano,58,Designer  ceramics/pottery
p455,Anthony,Brady,West Mark,84,Scientist  physiological
p456,Sheila,Pasqua,Port Carla,46,Investment analyst
p457,Michael,Becker,Curtarolo,42,Radiographer  therapeutic
p458,Berenice,Bajardi,South Michaelland,58,Company secretary
p459,Gino,Hall,Brendaport,45,Product/process development scientist
p460,Gianpaolo,Sanchez,Port Martin,53,Designer  interior/spatial
p461,Ciro,Garibaldi,Fastro,50,Furniture conservator/restorer
p462,Richard,Mercati,North Karentown,79,Art gallery manager
p463,Pasqual,Mondaini,Geromina,29,Nature conservation officer
p464,Scott,Mcdonald,North Michaelville,20,Armed forces operational officer
p465,Jeffrey,Rhodes,Crist,40,Tree surgeon
p466,Gianni,Callegaro,West Julia,20,Careers information officer
p467,Jennifer,Woodard,Borgonato,56,Development worker  international aid
p468,Darryl,Hudson,South Dustin,81,Chief Executive Officer
p469,James,Antonioni,Sanchezborough,16,Naval architect
p470,Stefanie,Pirelli,West Ritaborough,45,Special educational needs teacher
p471,Catherine,Gonzaga,Masonton,84,Medical laboratory scientific officer
p472,Robert,Quasimodo,Fieldstown,65,Research scientist (maths)
p473,Raffaele,Robinson,East Hannah,26,Occupational therapist
p474,Donald,Perozzo,Olsenburgh,31,Interpreter
p475,Romina,Lerner,West Lisamouth,18,Careers adviser
p476,Fulvio,Cicala,Port Carlos,24,Industrial buyer
p477,Calcedonio,Allen,Montecorneo,36,Psychologist  prison and probation services
p478,Rebecca,Campos,Port Ambermouth,71,Operational researcher
p479,Mark,Joyce,Amyside,30,Pension scheme manager
p480,Cody,Fisher,Filighera,73,Lawyer
p481,Gianmarco,Nievo,San Trovaso,19,Psychotherapist  child
p482,Wayne,Morrison,Lake Carolside,82,Film/video editor
p483,Martino,Bonaventura,Cussignacco,27,Theatre manager
p484,Teresa,Ramos,Alishaton,85,Curator
p485,Cindy,Daniel,Port Michaelmouth,82,Sales promotion account executive
p486,Wanda,Veltroni,Port Kevinbury,78,Physicist  medical
p487,David,Boccioni,Bagno Di Gavorrano,67,Structural engineer
p488,Kent,Brooks,Rocchetta Sant Antonio,12,Private music teacher
p489,Juan,Cappelli,Oliviamouth,36,Petroleum engineer
p490,Brandon,Hanson,New Lisaborough,66,Probation officer
p491,Kristi,Montalti,Perfugas,80,Exhibitions officer  museum/gallery
p492,Lilla,Richardson,East Jonathanshire,13,Air broker
p493,Mikayla,Moss,Ochoaview,62,Human resources officer
p494,Nicolò,Gentilini,Nocelleto,65,Media planner
p495,Galasso,Mercantini,Tambre,35,Theatre stage manager
p496,Dante,Paltrinieri,Lamon,88,Aeronautical engineer
p497,Zachary,Stucchi,South Elizabeth,32,Further education lecturer
p498,Cecilia,Lee,Caulonia,59,Clinical research associate
p499,Goffredo,Miller,Jessicaport,66,Radiographer  diagnostic
