q0,surname=Howard,age=24.0,occupation=Electrical engineer
q1,name=Cassandra
q2,age=45.0
q3,surname=Caldwell,city=Garlate,age=65.0,occupation=Call centre manager
q4,city=Savarna
q5,city=Gaggi
q6,name=Shane,age=86.0,occupation=Mental health nurse
q7,surname=Bond,city=Danview,age=87.0
q8,name=Michael,city=Quarto Dei Mille
q9,surname=Volterra,age=36.0
q10,age=50.0,occupation=Environmental manager
q11
q12,name=Zaira,occupation=Surveyor  commercial/residential
q13,name=Michael,age=32.0
q14,name=Anthony
q15,name=Richard,surname=Jones
q16,surname=Casey,city=Podenzano,age=39.0
q17,city=Olmi
q18,surname=Boccherini,city=Gallegosbury
q19,id=p393,age=57.0
q20,occupation=Estate manager/land agent
q21,surname=Wang
q22,surname=Estrada
q23,name=Milo,occupation=Petroleum engineer
q24,surname=Becker,city=East Thomashaven,occupation=Cabin crew
q25
q26,surname=Spinelli,age=57.0
q27,name=Andrea,surname=Stone,city=Cattinara
q28,surname=Daniel,age=78.0
q29,surname=Munoz
q30,name=Shane,surname=Gilbert,age=74.0
q31,name=Imelda,surname=Tagliafierro,age=16.0
q32
q33,city=Rivarolo Canavese,age=88.0,occupation=Engineer  water
q34,surname=Lombardi,age=74.0
q35,city=Macchia D Isernia,age=30.0,occupation=Chartered management accountant
q36,age=21.0
q37,surname=Barker,city=Su Canale,age=50.0
q38,name=Michael,surname=Mondaini
q39,city=Caulonia
q40,name=Michelle,city=East Stevenmouth,age=62.0,occupation=Pension scheme manager
q41
q42,city=North Scott
q43,name=Patrick,age=90.0
q44,name=Justin,surname=Rastelli,city=East Hannah,age=80.0,occupation=Surgeon
q45,name=Linda,surname=Mercalli,city=Adrara San Rocco
q46,city=Bellinzago Novarese
q47,surname=Cendron,city=Bryanside,age=74.0
q48,surname=Morrison,city=Lake Laura
q49,name=Natalie,city=Foiano Della Chiana
q50,surname=Stein
q51,name=Sonia,surname=Sims,city=Dominiquemouth,age=20.0
q52,city=Kellyville
q53,id=p401,surname=Casagrande,city=Nordhei,age=88.0
q54,city=Graglia
q55,surname=Woodard,age=79.0,occupation=Fine artist
q56
q57
q58,id=p413,name=Brenda,surname=Salazar
q59,surname=Caldwell,city=Gioia Tauro,occupation=Sports therapist
q60,name=Ethan,occupation=Recycling officer
q61,surname=Smith,age=16.0
q62,surname=Speri,city=Vagli Sotto
q63
q64,occupation=Solicitor
q65
q66,city=Lake Victoriaside
q67,age=41.0
q68,name=Romina,city=Felitto,age=31.0
q69,name=Gustavo,occupation=Designer  exhibition/display
q70,name=Renzo,city=Joelberg
q71,name=Riccardo
q72,name=Fiorino,surname=Juarez,city=Brownfort,occupation=Engineer  electronics
q73,age=73.0,occupation=Economist
q74,city=North Amandaborough,age=41.0
q75,surname=Tacchini,city=Nocelleto,occupation=Careers information officer
q76,name=Melissa,surname=Allen,occupation=Careers information officer
q77,id=p319,surname=Romagnoli,city=Cavalleri,age=47.0
q78,surname=Galvani,city=Mariemouth,age=70.0
q79,name=Kimberly,occupation=Surveyor  insurance
q80,name=Derrick,surname=Huff,city=Castelnuovo Rangone,age=17.0,occupation=Forensic scientist
q81,name=Raffaele,surname=Serao,city=Whitemouth
q82,surname=Foscari,occupation=Designer  furniture
q83,name=Natalie,surname=Lee,city=Rapallo,occupation=Engineer  mining
q84,surname=Rhodes,city=Jessicaport,age=82.0
q85,age=72.0
q86,occupation=Control and instrumentation engineer
q87
q88,surname=Impastato,age=51.0
q89,name=Patrick
q90,id=p284,surname=Semitecolo,city=Shawshire
q91,surname=Finetti,age=40.0
q92,age=86.0
q93,age=12.0
q94,age=90.0
q95,name=Annette,city=Port Amy,age=69.0,occupation=Surveyor  rural practice
q96,name=Calogero,age=61.0
q97
q98,name=Juan,surname=Ceschi,city=Olmi
q99,age=47.0,occupation=Private music teacher
q100,id=p75,surname=Cagnin
q101,occupation=Town planner
q102,name=Brandon,surname=Morucci,city=San Liberale,age=68.0
q103,name=Lazzaro,surname=Pisano
q104,occupation=Ranger/warden
q105,name=Flavio,city=Geromina
q106,id=p308,city=Rosario Valanidi,age=76.0,occupation=Scientist  research (physical sciences)
q107,city=East Kayla
q108,name=Luisa,surname=Reyes
q109,city=Savarna
q110,city=West Dawnview,occupation=Translator
q111,name=Giampaolo,city=Grassobbio
q112,name=Michael,city=Grassobbio
q113,name=Sole,city=Lindseyport
q114,surname=Monroe
q115,name=Philip,age=80.0
q116,age=18.0
q117,name=Kevin,city=Aaronburgh,age=14.0,occupation=Research scientist (life sciences)
q118,surname=Perozzo,city=Medole,occupation=Purchasing manager
q119,city=Riardo
q120,city=Bryanside,age=58.0
q121,surname=Clark,city=Amelia
q122,age=40.0
q123
q124,surname=Moss,age=27.0
q125,id=p132,city=Teor,occupation=Engineer  land
q126,name=Michael,occupation=Actor
q127,surname=Basso,occupation=Journalist  broadcasting
q128,city=Collepietro
q129,city=Jonestown,age=72.0,occupation=Operations geologist
q130,surname=Ortolani,age=69.0,occupation=Solicitor
q131,surname=Diaz,age=37.0
q132,surname=Little,city=Medole
q133,surname=Morucci,city=San Vitale Di Baganza
q134,age=54.0
q135,occupation=Designer  graphic
q136,name=Richard,surname=Yang,city=East Christopher,occupation=Development worker  community
q137,age=88.0
q138,occupation=Corporate investment banker
q139,occupation=Horticultural consultant
q140,occupation=Designer  industrial/product
q141,city=Alanmouth,age=57.0
q142
q143,name=Mariano,city=Osteria,age=81.0,occupation=Immunologist
q144,surname=Bandello,occupation=Programmer  applications
q145,surname=Miller,city=Graglia
q146,age=33.0,occupation=Tax inspector
q147,surname=Fantozzi,city=Osteria,age=33.0
q148,city=Goni,occupation=Scientist  forensic
q149,city=Gaggi
q150,surname=Gentilini,city=Lake Victoriaside
q151,name=Cassandra,surname=Bentley,city=Maxwellstad
q152,surname=Cendron,city=Gaggi,age=69.0,occupation=Development worker  community
q153,name=Rebecca,surname=Lowe,city=Noepoli
q154
q155
q156,name=Kayla,city=Mortonberg,age=62.0,occupation=Early years teacher
q157,occupation=Probation officer
q158,city=Washingtonside,occupation=Civil engineer  contracting
q159,name=Giada,surname=Webb,city=Port Robert,occupation=Nurse  mental health
q160,surname=Williams
q161,name=Gioele,surname=Volterra,city=Shawshire,age=47.0
q162,surname=Cendron
q163,surname=Albertini,occupation=Fine artist
q164,age=50.0
q165,name=Matteo,city=Lake Crystaltown,age=71.0
q166,surname=Tasso,city=Cremenaga,age=41.0
q167,surname=Sandi,occupation=Immigration officer
q168,name=Melissa
q169,surname=Oneal,city=Noepoli,age=70.0
q170,surname=Williams
q171,occupation=Local government officer
q172,city=Godiasco,occupation=Building services engineer
q173
q174,occupation=Operations geologist
q175,surname=Dominguez,city=Monsano
q176,surname=Argan,age=42.0
q177,name=Viridiana,age=11.0,occupation=Retail banker
q178,surname=Cook,age=15.0
q179,surname=Turrini,city=Forte Dei Marmi
q180,id=p172,age=17.0
q181,surname=Hernandez,city=Castiglion Fiorentino,age=23.0
q182,name=Juan,city=New Lisaborough,age=85.0,occupation=Engineer  electronics
q183
q184,city=Teodorano,occupation=Historic buildings inspector/conservation officer
q185,surname=Schroeder,city=New Patriciaberg,age=57.0,occupation=Physicist  medical
q186
q187,surname=Dandolo
q188,age=43.0
q189,name=Rebecca,city=New Brandi,occupation=Intelligence analyst
q190,age=12.0
q191,name=Cecilia
q192,city=Montecorneo,age=44.0,occupation=Pilot  airline
q193,surname=Germano
q194,name=Michael
q195,name=Liana,surname=Mercalli,age=54.0
q196,name=Ciro
q197,city=San Morello,age=28.0
q198,city=North Derekville,age=40.0
q199,name=Costanzo
q200,name=Emily,city=North Carrieside
q201,occupation=Conference centre manager
q202,city=New Michael,age=67.0
q203,city=New Brian
q204,surname=Spinelli,age=50.0
q205,surname=Grimes,age=90.0
q206,surname=Casadei,city=Fernandezbury,age=17.0
q207,surname=Moss,city=West Seanfurt
q208,name=Caterina,age=14.0
q209,name=Darryl,surname=Gentilini
q210
q211,city=South Natashaville,occupation=Land
q212,city=Poggibonsi,age=76.0,occupation=Animal technologist
q213,city=Fusignano
q214,name=Anthony,age=75.0
q215,name=Giuseppe,occupation=Purchasing manager
q216,surname=Sansoni,age=55.0,occupation=Careers adviser
q217,surname=Cesaroni,age=19.0
q218,surname=Delacruz,occupation=Risk manager
q219,city=Coriano Veronese,age=63.0
q220,name=Gemma,surname=Santiago,city=Oliviamouth,occupation=Scientist  physiological
q221,name=Guglielmo,surname=Wood
q222,age=74.0,occupation=Chartered loss adjuster
q223,city=Ciciano,age=71.0
q224,name=Lucia,surname=Tasso,occupation=Early years teacher
q225
q226,surname=Holt,city=West Kathleenshire
q227
q228,id=p183,city=Houstonbury,age=37.0,occupation=Chartered certified accountant
q229,surname=Williams,age=69.0
q230,surname=Caldwell
q231,age=12.0
q232,name=Walter,surname=Barcella
q233,surname=Stone,city=Cervinia
q234,surname=Gonzaga,city=Port Amy,age=38.0
q235,name=Michael,city=Port Nicholeside,occupation=Exercise physiologist
q236,surname=Argan,age=66.0
q237,surname=Delle,age=80.0
q238,age=16.0
q239,age=49.0
q240,surname=Monroe,city=Derovere
q241,surname=Oliver,city=Nibionno,age=70.0
q242,age=33.0
q243,name=Gianni,city=Ciciano,age=87.0
q244,name=Nico,city=Roccavivara,age=41.0,occupation=Accounting technician
q245,age=71.0
q246,id=p17,surname=Michelangeli,city=Fieldstown,age=69.0
q247,surname=Carpenter
q248,age=61.0,occupation=Psychotherapist
q249,id=p115,surname=Buscetta,city=Terrapadedda,age=83.0,occupation=Local government officer
q250,name=Willie,surname=Carli,age=35.0
q251,id=p128,surname=Morucci,city=North Stacie
q252,age=53.0
q253
q254,surname=Brenna,city=Christophermouth,age=14.0,occupation=Research scientist (life sciences)
q255,surname=Zaguri,city=Intavolata,occupation=Forensic scientist
q256,name=Amanda,surname=Seddio,city=Port Michaelmouth
q257
q258,surname=Delacruz,city=Cassano Valcuvia,age=81.0
q259,city=Tiser,age=40.0
q260,id=p145,city=Schneiderborough,age=34.0
q261,age=62.0,occupation=Exercise physiologist
q262
q263,name=Guarino,age=53.0,occupation=Art gallery manager
q264,surname=Baker,city=Jonestown,age=50.0
q265,surname=Casagrande,city=Vierschach,age=15.0,occupation=Interpreter
q266,name=Saverio,surname=Lee,age=84.0
q267,name=Pasqual,surname=Stevens
q268,name=Calcedonio,city=North Markhaven
q269,id=p405,name=Martino,city=Jessicaport,age=70.0,occupation=Energy manager
q270,age=27.0
q271
q272,surname=Cook,city=Jamesborough,age=71.0
q273,name=Debbie,city=West Kathleenshire,age=50.0
q274,surname=Grossi,city=South Steven,age=68.0
q275,occupation=Development worker  community
q276,age=71.0,occupation=Engineer  electronics
q277,surname=Cesarotti,city=Boglietto
q278,name=Ivan,surname=Michelangeli
q279,surname=Speri,city=Markstad,occupation=Designer  industrial/product
q280,surname=Allison,city=Poggibonsi,age=52.0
q281,city=San Giorgio Monferrato,age=19.0
q282,name=Ugo
q283,age=42.0
q284,age=34.0
q285,age=88.0
q286,id=p357,surname=Tebaldi,age=38.0
q287,name=Cody,city=New Timothytown,age=56.0,occupation=Pension scheme manager
q288,surname=Nievo,city=Castel Fusano
q289,name=Alessio,city=Rapallo,occupation=Volunteer coordinator
q290,surname=Pacheco,city=Rileyhaven
q291,name=Pomponio,surname=Seddio
q292,surname=Hayes,city=Campofelice Di Roccella
q293,surname=Acerbi,city=Cunninghamville
q294,surname=Federici,city=North Stacie,occupation=Industrial buyer
q295,age=45.0
q296,id=p466,surname=Vigliotti,age=50.0
q297,surname=Accardo
q298,surname=Cook,city=Casano,occupation=Interior and spatial designer
q299,name=Alison,city=West Kimberlymouth,age=74.0
q300,id=p231,surname=Garibaldi
q301,name=Brian,surname=Sutton,city=Millerbury
q302,name=Giuliano,surname=Palmer,city=Castiglion Fiorentino
q303,name=Dawn,surname=Erickson
q304,city=Ravenfort,occupation=Teacher  early years/pre
q305,age=54.0
q306,name=Sandra
q307,surname=Moneta,city=New Ryanbury,age=37.0
q308,age=55.0
q309,name=Natasha,city=San Remo,occupation=Herpetologist
q310,city=Marieborough,occupation=Water quality scientist
q311,surname=Berg,city=Salinasstad,age=57.0
q312,age=72.0
q313,city=Botticino
q314,surname=Polizzi,age=53.0,occupation=Scientist  physiological
q315,name=Kimberly,surname=Delle
q316,id=p233,name=Cecilia,city=Mistychester
q317,name=Gianpaolo,surname=Stone,city=Gambettola,occupation=Environmental manager
q318,name=Tara,surname=King,city=Salvitelle
q319,surname=Riley,city=Craigshire,age=22.0
q320,name=Mark,city=Monteacuto Delle Alpi,occupation=Estate manager/land agent
q321,name=Pier,city=Rizziconi,occupation=Patent attorney
q322,name=Lara,city=Forte Dei Marmi,age=23.0,occupation=Academic librarian
q323,surname=Martin,age=35.0
q324,age=83.0,occupation=Broadcast presenter
q325,name=Hunter,surname=Pascarella
q326,occupation=Housing manager/officer
q327,surname=Watkins,city=Pontelatone,occupation=Chief Marketing Officer
q328,name=Sole,surname=Manunta
q329,surname=Filangieri,city=Quistello
q330,name=Ennio,age=27.0,occupation=Historic buildings inspector/conservation officer
q331,city=Samuelchester,age=20.0
q332,age=61.0,occupation=Advertising account planner
q333,surname=Carli,age=53.0
q334
q335,surname=Varano,city=Brownfort
q336,surname=Coleman,city=Oliviamouth,age=42.0,occupation=Accountant  chartered certified
q337,surname=Guglielmi,age=61.0
q338,occupation=Nature conservation officer
q339,city=Lamon,occupation=Chiropractor
q340,city=South Jasonport,occupation=Scientist  physiological
q341,city=Nago
q342,surname=Cruz,city=Goro,age=22.0
q343,city=Maxwellstad,age=82.0,occupation=Professor Emeritus
q344,name=Michelle,surname=Buck,age=21.0
q345,name=Joshua,surname=Moss,city=Schneiderborough
q346,id=p261,occupation=Translator
q347,name=Rachel,surname=Hudson,city=Fieldsside,age=80.0
q348,surname=Jones,city=Jacquelinemouth
q349,age=73.0
q350
q351,surname=Sabbatini,age=83.0
q352,name=Orlando,city=Cornaiano
q353,surname=Abbagnale,city=Casano,age=41.0,occupation=Theatre manager
q354,city=Mistychester,age=71.0
q355,age=28.0,occupation=Probation officer
q356,name=Dylan,city=East Stevenmouth
q357,name=Cassandra,surname=Surian,city=Kathleenside,age=58.0
q358,name=Todd
q359,surname=Palmer
q360,surname=Cobb,city=Ericmouth,age=50.0,occupation=Operations geologist
q361,age=40.0,occupation=Science writer
q362,surname=Jensen,occupation=Local government officer
q363,city=East Jose,age=20.0
q364,city=Port Carla
q365,name=Elladio,surname=Detti,age=38.0,occupation=IT technical support officer
q366,id=p365,name=Michael,city=Lindseyport
q367,age=46.0
q368,surname=Berg,age=14.0
q369,name=Cesare,age=70.0,occupation=Occupational psychologist
q370,city=Romagnano Sesia,age=22.0
q371,surname=Montalti,city=Joseborough,age=71.0
q372,age=57.0,occupation=Engineer  manufacturing systems
q373,city=Chiesanuova Uzzanese
q374,city=East Matthewside,occupation=Mudlogger
q375,surname=Lerner,occupation=Interpreter
q376,city=Mariemouth,age=42.0
q377,name=Juan,surname=Lee,city=Garlate,age=17.0
q378
q379,id=p144,age=49.0
q380,name=Gianmarco,city=Connorville,age=89.0
q381,surname=Martin,city=Laurenside,age=46.0
q382,name=Bryan,age=50.0
q383
q384,name=Alberico
q385,surname=Berengario,age=20.0,occupation=Aeronautical engineer
q386,name=Sherry,surname=Arellano,age=87.0,occupation=Chartered loss adjuster
q387,surname=Palmer,age=89.0
q388,surname=Mercalli,city=South Steven
q389,surname=Caldwell,city=Wellsmouth,age=70.0
q390,city=Kingmouth,age=45.0,occupation=Commissioning editor
q391,age=25.0
q392,name=Anthony,surname=Stevens,city=Johnland
q393,surname=Luciani,age=44.0
q394,name=Brian,surname=Davis,city=Torre De  Passeri,age=70.0,occupation=Local government officer
q395,surname=Dyer
q396,name=Jonathan,city=New Eric,age=17.0,occupation=Energy manager
q397,age=69.0
q398,city=Garlate,age=34.0,occupation=Economist
q399,city=Castiglione D Adda,age=58.0
q400,surname=Sims,occupation=Communications engineer
q401,name=Juan,surname=Fieramosca,city=Acquasanta
q402,surname=Cook,age=43.0
q403,age=33.0
q404,name=Serafina,surname=Mercalli
q405,name=Shelley,city=Ochoaview,age=90.0
q406,city=Jamesborough,age=12.0,occupation=Sports therapist
q407,surname=Cesaroni,age=62.0,occupation=Proofreader
q408,occupation=Research scientist (life sciences)
q409,surname=Buck,city=Petrella Liri,age=89.0
q410,city=Olmi,age=10.0
q411,name=Taylor,surname=Satriani,city=Kingmouth
q412,surname=Casey
q413,occupation=Economist
q414,city=Port Michaelmouth,age=74.0
q415,surname=Smith,city=Casbeno,age=61.0
q416,age=88.0,occupation=Actor
q417,id=p328,name=Enzo,surname=Garibaldi,occupation=Geographical information systems officer
q418,city=Benderburgh,age=33.0
q419,name=Riccardo,city=Port Hannah
q420,surname=Leone,city=Su Canale,age=87.0
q421,age=21.0
q422,city=Borgata Finocchio,age=13.0
q423,surname=Cook,city=Rivarolo Canavese,age=54.0
q424,id=p31,surname=King
q425
q426,age=16.0
q427,city=Godiasco
q428,name=Chad,city=Magno
q429,name=Lazzaro,surname=Morucci,age=83.0
q430,city=Richardside,age=23.0
q431,id=p77,city=Alanmouth,occupation=Pensions consultant
q432,surname=King
q433,city=Fastro,age=20.0,occupation=Recruitment consultant
q434,surname=Stevens,age=77.0,occupation=Structural engineer
q435,city=Lake Laura,age=61.0
q436,city=Pastene
q437,name=Richard
q438,name=Michelotto,surname=Varano
q439,name=Mark,surname=Barker,occupation=Librarian  public
q440,id=p356,surname=Stone,city=West Seanfurt
q441,surname=Allison,age=19.0
q442,surname=Robinson,occupation=Art gallery manager
q443,city=Torre De  Passeri,age=56.0,occupation=Community education officer
q444,surname=Cappelli,city=Port Johnport,age=32.0,occupation=Haematologist
q445,name=Christopher,occupation=Geographical information systems officer
q446,surname=Rhodes,city=Linera
q447,city=Perfugas,occupation=Engineer  mining
q448,age=35.0,occupation=Engineer  mining
q449,age=40.0
q450,name=Chad,city=Perfugas,age=79.0
q451,name=Romina,surname=Santiago,occupation=Financial planner
q452
q453,name=Chad,surname=Bell,age=44.0
q454,occupation=Therapist  sports
q455
q456,surname=Williamson,city=Rivarolo Canavese,age=27.0
q457,surname=Jones,city=Cussignacco
q458,age=88.0
q459,name=Gemma,city=Bistagno
q460,name=Milo,occupation=Medical sales representative
q461,age=49.0,occupation=Therapist  drama
q462,city=Mara
q463,name=Goffredo,age=31.0
q464,name=Todd,surname=Trobbiani,city=Benderburgh,age=48.0,occupation=Forest/woodland manager
q465
q466,name=Hugo,city=Washingtonside,age=24.0,occupation=Food technologist
q467,name=Robert,city=South Morganhaven,occupation=Research scientist (maths)
q468,surname=Gill,age=27.0
q469,age=20.0
q470,surname=Montalti,occupation=Chief Executive Officer
q471
q472
q473,surname=Burns,age=63.0,occupation=Bonds trader
q474,name=Brenda,surname=Crespi,city=Richardside
q475,city=Alanmouth,age=50.0
q476,city=North Felicia,age=72.0
q477,surname=Estrada
q478,surname=Antonelli,city=Soria,occupation=Lighting technician  broadcasting/film/video
q479,surname=Gonzaga,city=New Jacob
q480,surname=Mcdonald,age=74.0
q481,surname=Gray,city=Kellyville,occupation=Logistics and distribution manager
q482,age=32.0
q483,surname=Innocenti,city=Oberolang,age=58.0
q484,surname=Cook,age=38.0
q485,id=p194
q486,surname=Lowe,city=Gallegosbury
q487,surname=Panatta,city=South Jason
q488,city=North Lesliefort,age=65.0
q489,name=Michael,age=58.0
q490,surname=Oneal,city=Palosco,occupation=Careers adviser
q491,surname=Hamilton,age=74.0
q492,surname=Lattuada
q493,name=Kathy,city=Donaldsonton
q494,id=p187,name=Stephanie,surname=Callegaro,city=West Thomasville
q495,age=90.0
q496,name=Vanessa,surname=Schultz,city=Bagnolo,age=69.0
q497,name=Rachel,city=Phillipsmouth
q498,surname=Trobbiani,city=Danview,age=54.0
q499,id=p295,surname=Schroeder,city=East Kayla,age=82.0
