q0,id=14,name=Vincenzo Fogazzaro,age=30
q1,occupation=Pharmacologist
q2,address=Contrada Cavalcanti  9 Piano 1 40122  Bologna (BO)
q3,id=p9,name=Jeffrey Hart,address=Piazza Giannetti  7 20034  San Giorgio Su Legnano (MI),age=15,occupation=Administrator  education
q4,name=Debra Graham,age=11,occupation=Financial controller
q5,id=p5,name=Carol Harris,address=561 Richardson Way Apt. 632 East Lisabury  MA 56113,age=37,occupation=Licensed conveyancer
q6,name=Alexander Bates,address=Via Cafarchia  278 16129  Genova (GE),occupation=Radio producer
q7,name=Irma Babati,address=283 Bradley Crossroad West Kimberlyton  MN 68224
q8,id=p8,name=Kimberly Wheeler,address=561 Richardson Way Apt. 632 East Lisabury  MA 56113,occupation=Education administrator
q9,name=Todd Harrell,address=283 Bradley Crossroad West Kimberlyton  MN 68224,age=34,occupation=Technical sales engineer
